Name,Primary Field / Focus,Core Motivation / Conflict,Top 3 Character Traits (Simple),Famous Quote,Color
Snow White,Domestic/Kindness,Escaping Evil/Seeking Safety,Gentle / Sweet / Nurturing,"Remember you're the one who can fill the world with sunshine.",#FADADD
Cinderella,Hope/Resilience,Escaping Oppression/Finding Freedom,Hopeful / Kind / Patient,"Have courage and be kind. Where there is kindness there is goodness.",#FADADD
Aurora,Grace/Destiny,Overcoming a Curse/Seeking True Love,Graceful / Dreamy / Elegant,"If you dream a thing more than once it's sure to come true.",#FADADD
Ariel,Exploration/Change,Desiring the Human World,Curious / Rebellious / Adventurous,"Who says that my dreams have to stay just my dreams?",#FADADD
Belle,Knowledge/Compassion,Sacrificing for Family/Challenging Appearances,Smart / Independent / Kind,"I want adventure in the great wide somewhere. I want it more than I can tell!",#FADADD
Jasmine,Independence/Royalty,Challenging Traditional Rules/Seeking Freedom,Fierce / Rebellious / Independent,"All of you standing around deciding my future? I am not a prize to be won!",#FADADD
Pocahontas,Nature/Harmony,Seeking Cultural Understanding/Peace,Free-Spirited / Wise / Brave,"If you walk the footsteps of a stranger you'll learn things you never knew you never knew.",#FADADD
Mulan,Courage/Honor,Defending Family/Breaking Gender Roles,Brave / Loyal / Strategic,"The flower that blooms in adversity is the most rare and beautiful of all.",#FADADD
Rapunzel,Freedom/Curiosity,Escaping Confinement/Discovering Self,Creative / Bright / Hopeful,"Venture outside your comfort zone. The rewards are worth it.",#FADADD
Tiana,Ambition/Hard Work,Chasing Dreams/Overcoming Limitations,Determined / Practical / Optimistic,"The only way to get what you want in this world is through hard work.",#FADADD
Elsa,Self-Acceptance/Control,Learning to Embrace Her Power,Strong / Reserved / Loving,"Let it go. The past is in the past.",#FADADD
Anna,Love/Optimism,Reconnecting Family/Bravery Through Hope,Cheerful / Brave / Loyal,"Some people are worth melting for.",#FADADD
Moana,Exploration/Leadership,Restoring Balance/Following Her Calling,Adventurous / Bold / Compassionate,"The call isn't out there at all. It's inside me.",#FADADD
Merida,Freedom/Identity,Challenging Tradition/Choosing Her Own Path,Wild / Fearless / Rebellious,"Our fate lives within us. You only have to be brave enough to see it.",#FADADD
Megara,Independence/Redemption,Learning to Trust Again,Witty / Guarded / Compassionate,"People do crazy things when they're in love.",#FADADD
Esmeralda,Justice/Empathy,Protecting the Oppressed/Defying Corruption,Fiery / Kind / Defiant,"You speak of justice yet you are cruel to those most in need of your help.",#FADADD
Jane Porter,Knowledge/Exploration,Bridging Two Worlds,Curious / Intellectual / Warm,"I was saved by a wild man in a loincloth.",#FADADD
Giselle,Love/Naïveté,Learning Real-World Love,Innocent / Romantic / Optimistic,"Dreams do come true if you keep on believing.",#FADADD
Vanellope von Schweetz,Self-Belief/Friendship,Proving Herself/Overcoming Rejection,Funny / Energetic / Resilient,"I'm not a glitch Taffyta. I'm just me.",#FADADD
Mirabel Madrigal,Family/Identity,Finding Self-Worth Without a Gift,Empathetic / Hopeful / Insightful,"Even if you lose everything — the miracle is you.",#FADADD
Raya,Trust/Unity,Restoring Peace/Healing Division,Determined / Loyal / Brave,"The world’s broken. You can’t trust anyone.",#FADADD
Vanessa Ives (Penny Dreadful),Faith/Power,Struggling with Inner Demons,Complex / Strong / Tragic,"There is some thing within us all we must master or be mastered by.",#FADADD
Hermione Granger,Knowledge/Justice,Fighting for Equality/Using Intellect,Brilliant / Loyal / Brave,"Books and cleverness! There are more important things — friendship and bravery.",#FADADD
Katniss Everdeen,Survival/Resistance,Protecting Loved Ones/Defying Tyranny,Strong / Stoic / Selfless,"Fire is catching. And if we burn you burn with us.",#FADADD
Daenerys Targaryen,Power/Justice,Ending Oppression/Claiming Destiny,Idealistic / Fierce / Determined,"I am not a queen. I am a Khaleesi.",#FADADD
Sansa Stark,Wisdom/Endurance,Learning Strength from Pain,Poised / Patient / Intelligent,"The lone wolf dies but the pack survives.",#FADADD
Arya Stark,Freedom/Vengeance,Defying Expectations/Seeking Identity,Fearless / Independent / Quick,"A girl has no name.",#FADADD
Eowyn (LOTR),Courage/Equality,Proving Her Strength in a Man’s World,Brave / Defiant / Loyal,"I am no man!",#FADADD
Padmé Amidala,Leadership/Peace,Protecting Democracy/Personal Loss,Graceful / Strong / Diplomatic,"So this is how liberty dies — with thunderous applause.",#FADADD
Leia Organa,Rebellion/Hope,Leading with Compassion under War,Commanding / Brave / Principled,"Hope is like the sun. If you only believe in it when you see it you'll never make it through the night.",#FADADD
Rey,Discovery/Legacy,Finding Purpose/Accepting Power,Driven / Curious / Compassionate,"I need someone to show me my place in all this.",#FADADD
Wanda Maximoff,Identity/Control,Struggling Between Love and Power,Emotional / Powerful / Tragic,"I have everything under control.",#FADADD
Natasha Romanoff,Redemption/Justice,Making Amends for Past Actions,Skilled / Loyal / Resolute,"At some point we all have to choose between what the world wants you to be and who you are.",#FADADD
Gamora,Family/Morality,Escaping Her Past/Seeking Redemption,Fierce / Honest / Compassionate,"I’m the warrior you trained me to be.",#FADADD
Harley Quinn,Freedom/Chaos,Escaping Toxic Love/Embracing Independence,Wild / Playful / Unpredictable,"I’m not someone who’s loved. I’m an idea.",#FADADD
Wonder Woman,Justice/Peace,Ending War/Believing in Humanity,Brave / Noble / Empathetic,"Only love can truly save the world.",#FADADD
Black Widow (Yelena),Sisterhood/Identity,Forging New Purpose,Humorous / Tough / Realistic,"We're both doing great. We're both killers.",#FADADD
Lois Lane,Truth/Integrity,Uncovering Corruption/Seeking Justice,Smart / Brave / Unyielding,"You’re Superman’s weakness — but he’s mine too.",#FADADD
Wednesday Addams,Individuality/Expression,Embracing Uniqueness/Dark Humor,Dark / Clever / Independent,"I’m not perky.",#FADADD
Coraline Jones,Courage/Curiosity,Escaping Illusion/Discovering Reality,Brave / Stubborn / Imaginative,"When you’re scared but you still do it anyway — that’s brave.",#FADADD
Alice (Wonderland),Imagination/Discovery,Navigating the Absurd/Finding Herself,Curious / Dreamy / Open-Minded,"Curiouser and curiouser!",#FADADD
Dorothy Gale,Hope/Homecoming,Returning Home/Understanding Value of Home,Kind / Curious / Brave,"There’s no place like home.",#FADADD
Tinker Bell,Creativity/Jealousy,Finding Self-Worth,Fiery / Loyal / Imaginative,"All you need is faith trust and a little bit of pixie dust.",#FADADD
Meg March,Family/Love,Balancing Dreams and Responsibility,Gentle / Mature / Devoted,"Just because my dreams are different doesn't mean they're unimportant.",#FADADD
Jo March,Ambition/Independence,Defying Gender Roles/Pursuing Passion,Creative / Independent / Strong,"I care more to be loved but I will dare to be great.",#FADADD
Elizabeth Bennet,Intellect/Pride,Challenging Social Expectations,Intelligent / Witty / Honest,"My courage always rises with every attempt to intimidate me.",#FADADD
Jane Eyre,Morality/Independence,Seeking Love and Self-Respect,Principled / Resilient / Passionate,"I am no bird and no net ensnares me.",#FADADD
Clarisse Renaldi (Princess Diaries),Duty/Family,Teaching Responsibility with Grace,Poised / Wise / Elegant,"A queen is never late. Everyone else is simply early.",#FADADD
Mia Thermopolis,Identity/Growth,Learning to Accept Her Role,Clumsy / Relatable / Kind,"Courage is not the absence of fear but the realization that something is more important.",#FADADD
Cleopatra,Leadership/Diplomacy,Maintaining Power Amid Empire Conflict,Intelligent / Charismatic / Strategic,"I will not be triumphed over.",#A7C7E7
Joan of Arc,Faith/Courage,Defending Her Country/Obeying Divine Vision,Brave / Devout / Determined,"I am not afraid... I was born to do this.",#A7C7E7
Queen Elizabeth I,Governance/Independence,Preserving Power in a Male World,Wise / Confident / Commanding,"Though the sex to which I belong is considered weak you will nevertheless find me a rock.",#A7C7E7
Marie Antoinette,Royalty/Legacy,Struggling Against Political Turmoil,Graceful / Misunderstood / Extravagant,"Let them eat cake.",#A7C7E7
Catherine the Great,Reform/Power,Modernizing Russia/Defending Her Rule,Visionary / Assertive / Intelligent,"Power without a nation's confidence is nothing.",#A7C7E7
Empress Wu Zetian,Politics/Authority,Proving Herself as China's Ruler,Ambitious / Ruthless / Intelligent,"Heaven raised me up for this duty.",#A7C7E7
Rani Lakshmibai,Rebellion/Patriotism,Fighting British Colonization,Fearless / Patriotic / Resilient,"I shall not surrender my Jhansi.",#A7C7E7
Queen Victoria,Tradition/Empire,Leading with Stability in Change,Dutiful / Composed / Influential,"We are not amused.",#A7C7E7
Harriet Tubman,Freedom/Activism,Rescuing Slaves/Leading the Underground Railroad,Courageous / Compassionate / Resolute,"I never ran my train off the track and I never lost a passenger.",#A7C7E7
Sojourner Truth,Equality/Justice,Fighting for Women's and Black Rights,Strong / Outspoken / Wise,"Ain’t I a woman?",#A7C7E7
Susan B. Anthony,Rights/Reform,Campaigning for Women’s Suffrage,Determined / Idealistic / Bold,"Failure is impossible.",#A7C7E7
Florence Nightingale,Medicine/Compassion,Revolutionizing Nursing and Care,Gentle / Analytical / Selfless,"How very little can be done under the spirit of fear.",#A7C7E7
Marie Curie,Science/Discovery,Pursuing Knowledge Despite Barriers,Brilliant / Humble / Tireless,"Nothing in life is to be feared it is only to be understood.",#A7C7E7
Ada Lovelace,Science/Imagination,Envisioning Computing Before Its Time,Visionary / Analytical / Creative,"The Analytical Engine weaves algebraic patterns just as the Jacquard loom weaves flowers and leaves.",#A7C7E7
Amelia Earhart,Exploration/Adventure,Proving Women's Capability in Aviation,Brave / Adventurous / Pioneering,"The most effective way to do it is to do it.",#A7C7E7
Frida Kahlo,Art/Identity,Transforming Pain into Expression,Creative / Resilient / Passionate,"I paint flowers so they will not die.",#A7C7E7
Malala Yousafzai,Education/Activism,Defending Girls’ Right to Learn,Brave / Hopeful / Inspiring,"One child one teacher one book one pen can change the world.",#A7C7E7
Rosa Parks,Civil Rights/Equality,Resisting Racial Segregation,Quiet / Strong / Courageous,"I would like to be remembered as a person who wanted to be free.",#A7C7E7
Indira Gandhi,Politics/Leadership,Defending Sovereignty/Managing Power,Decisive / Assertive / Patriotic,"You cannot shake hands with a clenched fist.",#A7C7E7
Margaret Thatcher,Politics/Resilience,Leading Britain Through Change,Iron-Willed / Logical / Fearless,"If you want something said ask a man. If you want something done ask a woman.",#A7C7E7
Mother Teresa,Charity/Service,Serving Humanity Through Faith,Humble / Kind / Devoted,"Not all of us can do great things. But we can do small things with great love.",#A7C7E7
Princess Diana,Compassion/Humanitarianism,Bringing Humanity to Royalty,Graceful / Empathetic / Courageous,"Carry out a random act of kindness with no expectation of reward.",#A7C7E7
Queen Nefertiti,Legacy/Beauty,Preserving Power in Ancient Egypt,Charismatic / Influential / Regal,"A beautiful woman is a gift of the gods.",#A7C7E7
Eleanor Roosevelt,Politics/Human Rights,Redefining the Role of First Lady,Empathetic / Visionary / Bold,"No one can make you feel inferior without your consent.",#A7C7E7
Golda Meir,Politics/Determination,Building and Protecting Israel,Practical / Tough / Committed,"Trust yourself. Create the kind of self you will be happy to live with.",#A7C7E7
Benazir Bhutto,Politics/Courage,Challenging Dictatorship/Leading Pakistan,Brave / Idealistic / Intelligent,"Democracy is the best revenge.",#A7C7E7
Queen Liliʻuokalani,Freedom/Justice,Resisting U.S. Annexation,Peaceful / Resolute / Patriotic,"Never cease to act because you fear you may fail.",#A7C7E7
Harriet Beecher Stowe,Literature/Reform,Challenging Slavery Through Words,Empathetic / Moral / Persuasive,"I would write something that would make this whole nation feel what an accursed thing slavery is.",#A7C7E7
Clara Barton,Medicine/Care,Founding the American Red Cross,Selfless / Brave / Dedicated,"I may be compelled to face danger but never fear it.",#A7C7E7
Helen Keller,Education/Perseverance,Overcoming Disability to Inspire the World,Strong / Curious / Optimistic,"The only thing worse than being blind is having sight but no vision.",#A7C7E7
Simone de Beauvoir,Philosophy/Feminism,Questioning Gender Roles,Intellectual / Radical / Honest,"One is not born but rather becomes a woman.",#A7C7E7
Hatshepsut,Empire/Innovation,Proving Herself as Pharaoh,Ambitious / Diplomatic / Bold,"I have done this with a loving heart for my father Amun.",#A7C7E7
Boudica,Rebellion/Justice,Leading Revolt Against Rome,Fierce / Fearless / Patriotic,"I am fighting as one of the people for my lost freedom.",#A7C7E7
Harriet Martineau,Sociology/Equality,Challenging Class and Gender Norms,Insightful / Bold / Rational,"Readers are leaders.",#A7C7E7
Queen Isabella I,Exploration/Religion,Uniting Spain/Backing Columbus,Faithful / Ambitious / Strategic,"The distance is nothing when one has motive.",#A7C7E7
Queen Hatshepsut (Egypt),Power/Legacy,Defying Gender to Rule Egypt,Innovative / Bold / Visionary,"I have made this monument with love for eternity.",#A7C7E7
Queen Nzinga Mbande,Resistance/Power,Fighting Portuguese Colonization,Strategic / Fierce / Defiant,"I am the equal of any man.",#A7C7E7
Wangari Maathai,Environment/Peace,Restoring Nature and Empowering Women,Peaceful / Visionary / Persistent,"It's the little things citizens do. That’s what will make the difference.",#A7C7E7
Rigoberta Menchú,Human Rights/Justice,Defending Indigenous Communities,Brave / Articulate / Persistent,"Peace is not only the absence of war but the presence of justice.",#A7C7E7
Aung San Suu Kyi,Democracy/Peace,Fighting for Freedom in Myanmar,Resilient / Peaceful / Courageous,"The only real prison is fear.",#A7C7E7
Emmeline Pankhurst,Activism/Suffrage,Fighting for Women's Voting Rights,Defiant / Fearless / Persistent,"Deeds not words.",#A7C7E7
Rosa Luxemburg,Politics/Philosophy,Standing Against Injustice,Passionate / Radical / Intellectual,"Freedom is always the freedom of the dissenters.",#A7C7E7
Queen Anne Boleyn,Reform/Legacy,Challenging Royal Power Structure,Ambitious / Intelligent / Bold,"The most important thing is to be true to yourself.",#A7C7E7
Cixi (Dowager Empress),Power/Modernization,Balancing Reform with Control,Shrewd / Powerful / Complex,"Better to be a ghost of a ruler than a puppet of men.",#A7C7E7
Savitri Bai Phule,Education/Reform,Empowering Women Through Learning,Brave / Progressive / Inspiring,"Awake arise educate — smash traditions.",#A7C7E7
Sarojini Naidu,Poetry/Activism,Uniting Art with Freedom Movement,Eloquent / Charismatic / Brave,"A country’s greatness lies in its people’s hearts.",#A7C7E7
Rukmini Devi Arundale,Art/Culture,Reviving Bharatanatyam Dance,Graceful / Artistic / Devoted,"Art must elevate not merely entertain.",#A7C7E7
Kalpana Chawla,Exploration/Science,Reaching for the Stars,Determined / Dreamy / Pioneering,"The path from dreams to success does exist.",#A7C7E7
Anne Frank,Writing/Hope,Finding Light Amid Darkness,Innocent / Wise / Reflective,"In spite of everything I still believe that people are really good at heart.",#A7C7E7
Hypatia,Mathematics/Philosophy,Teaching Science in a Hostile World,Wise / Rational / Courageous,"Reserve your right to think for even to think wrongly is better than not to think at all.",#B2E3B6
Lise Meitner,Physics/Discovery,Uncovering Nuclear Fission Despite Discrimination,Brilliant / Humble / Dedicated,"Science makes people reach selflessly for truth and objectivity.",#B2E3B6
Rosalind Franklin,Biology/Research,Unveiling DNA Structure,Precise / Analytical / Underappreciated,"Science and everyday life cannot and should not be separated.",#B2E3B6
Chien-Shiung Wu,Physics/Experimentation,Proving Parity Violation in Physics,Determined / Innovative / Diligent,"There is only one thing worse than coming home defeated — not having fought at all.",#B2E3B6
Grace Hopper,Computer Science/Innovation,Bridging Code and Machines,Inventive / Logical / Bold,"The most dangerous phrase in the language is 'We’ve always done it this way.'",#B2E3B6
Katherine Johnson,Mathematics/Space,Calculating the Future of NASA Missions,Brilliant / Humble / Fearless,"We will always have STEM with us. Some things will drop out of the public eye and go away but there will always be science.",#B2E3B6
Dorothy Hodgkin,Chemistry/Discovery,Solving Molecular Structures,Meticulous / Patient / Dedicated,"I was captured for life by chemistry and by crystals.",#B2E3B6
Barbara McClintock,Genetics/Curiosity,Discovering Genetic Transposition,Curious / Persistent / Insightful,"If you know you are on the right track if you have this inner knowledge then nobody can turn you off.",#B2E3B6
Gertrude B. Elion,Pharmacology/Innovation,Developing Lifesaving Drugs,Inventive / Patient / Focused,"Don't be afraid of hard work. Nothing worthwhile comes easily.",#B2E3B6
Jane Goodall,Primatology/Conservation,Understanding and Protecting Animals,Empathetic / Observant / Kind,"What you do makes a difference and you have to decide what kind of difference you want to make.",#B2E3B6
Rachel Carson,Environmental Science/Activism,Warning the World About Pollution,Visionary / Brave / Articulate,"The more clearly we can focus our attention on the wonders of the universe the less taste we shall have for destruction.",#B2E3B6
Mae Jemison,Space Exploration/Inspiration,Becoming the First Black Woman in Space,Curious / Adventurous / Inspiring,"Never be limited by other people’s limited imaginations.",#B2E3B6
Valentina Tereshkova,Space/Exploration,Becoming the First Woman in Space,Fearless / Determined / Resilient,"Once you’ve been in space you appreciate how small and fragile the Earth is.",#B2E3B6
Mary Anning,Paleontology/Discovery,Uncovering Prehistoric Life,Curious / Persistent / Observant,"The world has used me so unkindly but I did nothing but dig for truth.",#B2E3B6
Tu Youyou,Medicine/Innovation,Discovering Antimalarial Treatments,Dedicated / Insightful / Patient,"Every scientist dreams of doing something that can help mankind.",#B2E3B6
Donna Strickland,Physics/Lasers,Innovating in Laser Technology,Focused / Humble / Creative,"You can do great science and still have a life outside the lab.",#B2E3B6
Jennifer Doudna,Genetics/CRISPR,Editing the Future of DNA,Innovative / Ethical / Visionary,"Science is a team sport.",#B2E3B6
Emmanuelle Charpentier,Biochemistry/Research,Co-Developing CRISPR Technology,Curious / Collaborative / Patient,"Follow your curiosity. It may take you somewhere wonderful.",#B2E3B6
Vera Rubin,Astronomy/Discovery,Proving the Existence of Dark Matter,Inquisitive / Persistent / Brilliant,"Science progresses best when observations force us to alter our preconceptions.",#B2E3B6
Maria Goeppert Mayer,Physics/Research,Developing the Nuclear Shell Model,Logical / Creative / Quiet,"Do your work for the joy of the doing.",#B2E3B6
Hedy Lamarr,Technology/Invention,Creating the Basis for Wi-Fi,Creative / Ingenious / Independent,"The brains of people are more interesting than their looks.",#B2E3B6
Anandi Gopal Joshi,Medicine/Pioneering,Becoming India’s First Female Doctor,Ambitious / Compassionate / Brave,"I will go to America because the doors of learning are closed to me here.",#B2E3B6
Elizabeth Blackwell,Medicine/Trailblazing,Becoming the First Female Physician,Resilient / Visionary / Kind,"If society will not admit of woman's free development then society must be remodeled.",#B2E3B6
Mary Jackson,Engineering/Equality,Breaking Barriers at NASA,Smart / Brave / Hardworking,"We have to do something when we see a problem.",#B2E3B6
Radia Perlman,Computer Science/Networking,Creating the Spanning Tree Protocol,Innovative / Logical / Practical,"If you have to do it twice automate it.",#B2E3B6
Marian Diamond,Neuroscience/Education,Studying the Plasticity of the Brain,Curious / Energetic / Inspirational,"The brain can change with experience. It's never too late.",#B2E3B6
Kiran Mazumdar-Shaw,Biotechnology/Entrepreneurship,Building India’s Biotech Industry,Visionary / Ambitious / Fearless,"Entrepreneurship is about being able to face failure manage failure and succeed after failure.",#B2E3B6
Gerty Cori,Biochemistry/Discovery,Unraveling Sugar Metabolism,Patient / Smart / Persistent,"The love for science knows no boundaries.",#B2E3B6
Mária Telkes,Engineering/Solar Energy,Inventing Solar Power Systems,Inventive / Visionary / Tenacious,"Sunlight will never be exhausted.",#B2E3B6
Henrietta Leavitt,Astronomy/Measurement,Discovering How to Measure the Universe,Focused / Modest / Insightful,"A straight line may mean more than you think.",#B2E3B6
Jocelyn Bell Burnell,Astronomy/Discovery,Finding the First Pulsars,Diligent / Observant / Modest,"You have to be true to what you are doing.",#B2E3B6
Sally Ride,Space/Science,Becoming the First American Woman in Space,Inspiring / Brave / Curious,"Science is fun. Science is curiosity. We all have natural curiosity.",#B2E3B6
Nettie Stevens,Genetics/Discovery,Finding the XY Sex Determination System,Precise / Focused / Determined,"Small things can explain great differences.",#B2E3B6
Rita Levi-Montalcini,Neurology/Research,Discovering Nerve Growth Factor,Patient / Innovative / Dedicated,"Above all don’t fear difficult moments. The best comes from them.",#B2E3B6
Ellen Ochoa,Space/Engineering,Leading NASA and Space Missions,Focused / Visionary / Calm,"Don’t be afraid to reach for the stars.",#B2E3B6
Jane Cooke Wright,Medicine/Innovation,Developing Cancer Treatments,Innovative / Determined / Compassionate,"We are all here to make a difference.",#B2E3B6
Katie Bouman,Astrophysics/Computing,Imaging the First Black Hole,Young / Brilliant / Visionary,"No one algorithm or person made this image. It required the amazing talent of a team.",#B2E3B6
Sarah Gilbert,Immunology/Research,Developing the Oxford COVID-19 Vaccine,Focused / Selfless / Determined,"We had to move quickly. Science had to deliver.",#B2E3B6
Gladys West,Mathematics/Technology,Contributing to the Creation of GPS,Precise / Quiet / Dedicated,"Keep working even if no one notices.",#B2E3B6
Katherine Esau,Botany/Science,Revolutionizing Plant Anatomy,Patient / Rigorous / Insightful,"There is beauty in the order of nature.",#B2E3B6
Edith Clarke,Electrical Engineering/Innovation,Designing Power Transmission Tools,Analytical / Pioneering / Independent,"There is no demand for women engineers, as such. But there is always a demand for engineers.",#B2E3B6
Tuula Teeri,Biotechnology/Leadership,Advancing Bioeconomy Research,Strategic / Visionary / Grounded,"Innovation is the path from ideas to impact.",#B2E3B6
Lynn Margulis,Biology/Theory,Proposing Symbiosis as Evolutionary Force,Radical / Brilliant / Fearless,"Life did not take over the globe by combat but by networking.",#B2E3B6
Fe del Mundo,Pediatrics/Service,Founding the First Pediatric Hospital,Kind / Visionary / Tireless,"The rewards of service are beyond measure.",#B2E3B6
Chandralekha,Science/Art,Combining Science and Dance,Creative / Analytical / Bold,"Science and art are both forms of inquiry.",#B2E3B6
Maria Montessori,Education/Innovation,Creating Child-Centered Learning,Observant / Gentle / Visionary,"Free the child's potential and you will transform the world.",#B2E3B6
Ruth Benerito,Chemistry/Textiles,Inventing Wrinkle-Free Cotton,Inventive / Practical / Persistent,"Do something useful with your talents.",#B2E3B6
Mary Leakey,Anthropology/Discovery,Unearthing Human Origins,Adventurous / Methodical / Persistent,"The past is never dead. It is not even past.",#B2E3B6
Shirley Ann Jackson,Physics/Leadership,Bridging Science and Policy,Smart / Visionary / Disciplined,"Science can drive social progress if guided with purpose.",#B2E3B6
Oprah Winfrey,Media / Empowerment,Overcoming poverty and trauma to inspire others,Resilient / Charismatic / Empathetic,"Turn your wounds into wisdom.",#FFD3B6
Malala Yousafzai,Education / Activism,Fighting for girls’ right to education,Brave / Intelligent / Determined,"One child/ one teacher/ one book/ one pen can change the world.",#FFD3B6
Greta Thunberg,Climate Activism,Challenging global leaders for environmental action,Passionate / Fearless / Persistent,"I want you to act as if the house is on fire/ because it is.",#FFD3B6
Serena Williams,Sports / Empowerment,Breaking barriers in tennis and gender equality,Strong / Confident / Tenacious,"I don’t like to lose — at anything — yet I’ve grown most from losses.",#FFD3B6
Beyoncé,Music / Creativity,Expressing identity and power through art,Powerful / Creative / Disciplined,"Power’s not given to you. You have to take it.",#FFD3B6
Emma Watson,Acting / Feminism,Balancing fame with advocacy for gender equality,Intelligent / Grounded / Articulate,"Both men and women should feel free to be sensitive. Both men and women should feel free to be strong.",#FFD3B6
Sheryl Sandberg,Business / Leadership,Advocating for women in corporate spaces,Strategic / Motivational / Ambitious,"What would you do if you weren’t afraid?",#FFD3B6
Michelle Obama,Leadership / Education,Using influence for youth and women empowerment,Compassionate / Grounded / Inspiring,"When they go low/ we go high.",#FFD3B6
Rihanna,Entrepreneurship / Creativity,Creating inclusive beauty and fashion brands,Bold / Visionary / Authentic,"There’s something so special about a woman who dominates in a man’s world.",#FFD3B6
Marie Kondo,Organization / Simplicity,Helping others find joy through decluttering,Calm / Focused / Uplifting,"The question of what you want to own is actually the question of how you want to live your life.",#FFD3B6
Zendaya,Acting / Representation,Redefining modern beauty and diversity in media,Confident / Grounded / Inspirational,"There is no definition of beauty/ but when you can see someone’s spirit shining through/ that’s beautiful.",#FFD3B6
Melinda Gates,Philanthropy / Equality,Fighting for global healthcare and women’s empowerment,Generous / Strategic / Kind,"A woman with a voice is by definition a strong woman.",#FFD3B6
Indra Nooyi,Business / Leadership,Navigating success while balancing family and career,Intelligent / Visionary / Balanced,"Leadership is hard to define/ and good leadership even harder.",#FFD3B6
Gitanjali Rao,Innovation / STEM,Inspiring youth through invention and creativity,Curious / Determined / Inspiring,"Science is not something to be afraid of; it’s something to explore.",#FFD3B6
Taylor Swift,Music / Storytelling,Transforming personal struggles into creative expression,Articulate / Resilient / Honest,"Just be yourself/ there is no one better.",#FFD3B6
Kylie Jenner,Business / Influence,Building an empire from digital culture,Ambitious / Strategic / Fearless,"Love is the most powerful thing we have.",#FFD3B6
Priyanka Chopra,Acting / Global Impact,Breaking cultural boundaries internationally,Dynamic / Confident / Versatile,"You can’t half-ass anything; you have to always be full-assed.",#FFD3B6
Emma González,Activism / Courage,Advocating against gun violence,Bold / Passionate / Fearless,"We call BS!",#FFD3B6
Kamala Harris,Politics / Justice,Breaking political and racial barriers,Determined / Poised / Inspirational,"I may be the first woman in this office/ but I won’t be the last.",#FFD3B6
Alexandria Ocasio-Cortez,Politics / Activism,Representing marginalized communities,Outspoken / Visionary / Grounded,"I am not going to compromise who I am.",#FFD3B6
Deepika Padukone,Acting / Mental Health,Advocating for mental wellness awareness,Elegant / Brave / Open,"Every day is a fight; you just have to keep going.",#FFD3B6
Billie Eilish,Music / Authenticity,Redefining artistic individuality and vulnerability,Honest / Rebellious / Unique,"I don’t need to worry about what people think of me.",#FFD3B6
Huda Kattan,Beauty / Entrepreneurship,Building a global beauty brand from scratch,Ambitious / Creative / Bold,"Don’t let anyone tell you you can’t make it.",#FFD3B6
Ava DuVernay,Film / Storytelling,Championing Black voices through film,Visionary / Brave / Compassionate,"If your dream only includes you/ it’s too small.",#FFD3B6
Reshma Saujani,Leadership / Tech,Encouraging girls to code and lead,Bold / Empathetic / Driven,"Teach girls bravery/ not perfection.",#FFD3B6
Naomi Osaka,Sports / Advocacy,Balancing fame with mental health,Calm / Focused / Courageous,"It’s okay not to be okay.",#FFD3B6
Florence Pugh,Acting / Authenticity,Standing up for individuality in Hollywood,Grounded / Fierce / Confident,"Don’t be scared of the big moments.",#FFD3B6
Zendaya,Acting / Representation,Inspiring inclusivity in entertainment,Stylish / Thoughtful / Grounded,"Don’t try to fit in when you were born to stand out.",#FFD3B6
Dua Lipa,Music / Independence,Building confidence through self-expression,Stylish / Ambitious / Independent,"Be the one to make a difference.",#FFD3B6
Dolly Parton,Music / Kindness,Staying humble and empowering others,Humble / Funny / Talented,"Find out who you are and do it on purpose.",#FFD3B6
Amelia Earhart,Aviation / Exploration,Defying gender norms to conquer the skies,Brave / Adventurous / Determined,"The most effective way to do it, is to do it.",#C3E0E5
Valentina Tereshkova,Space Exploration / Science,Becoming the first woman in space against all odds,Courageous / Pioneering / Humble,"Hey sky, take off your hat, I’m on my way!",#C3E0E5
Junko Tabei,Mountaineering / Exploration,Becoming the first woman to summit Mount Everest,Resilient / Fearless / Inspirational,"Do not give up. Keep on your quest.",#C3E0E5
Florence Griffith Joyner,Athletics / Sprinting,Setting records while embracing individuality,Fast / Fierce / Stylish,"I don’t look at myself as a sprinter. I look at myself as an entertainer.",#C3E0E5
Wilma Rudolph,Athletics / Perseverance,Overcoming polio to become an Olympic champion,Determined / Graceful / Inspirational,"Never underestimate the power of dreams and the influence of the human spirit.",#C3E0E5
Simone Biles,Gymnastics / Excellence,Pushing boundaries while advocating for mental health,Strong / Honest / Focused,"I’m not the next Usain Bolt or Michael Phelps, I’m the first Simone Biles.",#C3E0E5
Serena Williams,Tennis / Empowerment,Redefining strength and persistence in women’s sports,Confident / Powerful / Resilient,"Luck has nothing to do with it.",#C3E0E5
Mia Hamm,Football / Leadership,Elevating women’s soccer on the global stage,Team-Oriented / Determined / Passionate,"Somewhere behind the athlete you’ve become is the little girl who fell in love with the game.",#C3E0E5
Nadia Comăneci,Gymnastics / Perfection,Achieving the first perfect 10 in Olympic history,Disciplined / Graceful / Visionary,"Hard work has made it easy. That is my secret.",#C3E0E5
Martina Navratilova,Tennis / Activism,Challenging norms in sport and identity,Strong / Fearless / Unapologetic,"The moment of victory is much too short to live for that and nothing else.",#C3E0E5
Jackie Joyner-Kersee,Athletics / Motivation,Excelling across multiple Olympic disciplines,Determined / Powerful / Persistent,"Age is no barrier. It’s a limitation you put on your mind.",#C3E0E5
Chloe Kim,Snowboarding / Youth Empowerment,Redefining what young women can achieve in sports,Playful / Fearless / Confident,"Do what makes you happy.",#C3E0E5
Alex Morgan,Football / Advocacy,Fighting for pay equity in sports,Focused / Driven / Bold,"Dream big because dreams do happen.",#C3E0E5
Lindsey Vonn,Skiing / Perseverance,Overcoming injuries to stay on top of her sport,Tenacious / Passionate / Gritty,"You’re always going to have challenges, and instead of being bitter, you should learn.",#C3E0E5
Bethany Hamilton,Surfing / Courage,Returning to surfing after a shark attack,Brave / Resilient / Optimistic,"Courage, sacrifice, determination, commitment, toughness, heart, talent, guts.",#C3E0E5
Gertrude Ederle,Swimming / Pioneering,Becoming the first woman to swim the English Channel,Strong / Determined / Pioneering,"I just knew if it could be done, it had to be done, and I did it.",#C3E0E5
Ellen MacArthur,Sailing / Exploration,Becoming the fastest solo sailor to circumnavigate the globe,Independent / Gritty / Focused,"If you’re scared of failure, you’ll never achieve anything.",#C3E0E5
Diana Nyad,Swimming / Endurance,Swimming from Cuba to Florida at age 64,Relentless / Brave / Inspirational,"Never, ever give up.",#C3E0E5
Beryl Markham,Aviation / Exploration,Becoming the first woman to fly solo across the Atlantic east-to-west,Bold / Adventurous / Independent,"I fly because it releases my mind from the tyranny of petty things.",#C3E0E5
Lydia Ko,Golf / Precision,Becoming one of the youngest golf champions,Calm / Patient / Skilled,"You can’t always control the situation, but you can control your attitude.",#C3E0E5
Ronda Rousey,MMA / Resilience,Becoming the first female UFC champion,Fierce / Confident / Relentless,"Don’t be a do-nothing bitch.",#C3E0E5
Katie Ledecky,Swimming / Discipline,Constantly striving to outperform herself,Focused / Calm / Unyielding,"I just do what I love, and that’s swimming.",#C3E0E5
Misty Copeland,Ballet / Representation,Becoming the first Black principal dancer at ABT,Graceful / Tenacious / Groundbreaking,"You can start late, look different, be uncertain, and still succeed.",#C3E0E5
Alexia Putellas,Football / Legacy,Leading a new generation in women’s football,Leader / Resilient / Passionate,"We are the future, and the future is now.",#C3E0E5
Eileen Gu,Skiing / Representation,Bridging cultures through sport,Ambitious / Talented / Fearless,"I hope to inspire girls to break boundaries.",#C3E0E5
Sania Mirza,Tennis / Breaking Barriers,Representing Indian women on global courts,Confident / Determined / Inspiring,"If you don’t believe in yourself, no one else will.",#C3E0E5
P.V. Sindhu,Badminton / Perseverance,Achieving Olympic glory for India,Disciplined / Focused / Powerful,"Never give up until the last point.",#C3E0E5
Mary Kom,Boxing / Grit,Overcoming societal barriers to become a world champion,Fearless / Humble / Strong,"Don’t let anyone tell you you can’t.",#C3E0E5
Tenzing Norgay’s Daughter,Nepalese Heritage / Mountaineering,Carrying forward her father’s legacy in exploration,Strong / Proud / Adventurous,"Mountains are in my blood.",#C3E0E5
Nirmal Purja’s Team Women Members,Mountaineering / Unity,Climbing 14 peaks as part of a record-breaking mission,Focused / Brave / Resilient,"Nothing is impossible when you believe.",#C3E0E5
Ruth Bader Ginsburg,Law/Justice,Advocating gender equality and fair representation,Brave / Intelligent / Determined,"Women belong in all places where decisions are being made.",#E6E6FA
Sandra Day O Connor,Law/Leadership,Breaking barriers in the Supreme Court,Pragmatic / Courageous / Wise,"The power I exert on the court depends on the power of my arguments not on my gender.",#E6E6FA
Indira Gandhi,Politics/Leadership,Leading a diverse nation through turmoil,Resilient / Strategic / Fearless,"You cannot shake hands with a clenched fist.",#E6E6FA
Margaret Thatcher,Politics/Conservatism,Defining strong governance amidst resistance,Assertive / Resolute / Visionary,"Being powerful is like being a lady. If you have to tell people you are you aren’t.",#E6E6FA
Michelle Obama,Politics/Empowerment,Promoting education and equality,Empathetic / Inspiring / Grounded,"When they go low we go high.",#E6E6FA
Kamala Harris,Politics/Representation,Challenging systemic barriers and stereotypes,Confident / Charismatic / Steadfast,"My mother would look at me and say Kamala you may be the first to do many things but make sure you’re not the last.",#E6E6FA
Angela Merkel,Politics/Leadership,Guiding Europe through crises with diplomacy,Disciplined / Calm / Rational,"Always be more than you appear and never appear to be more than you are.",#E6E6FA
Benazir Bhutto,Politics/Democracy,Advocating democracy under threat,Brave / Charismatic / Hopeful,"Democracy is the best revenge.",#E6E6FA
Jacinda Ardern,Politics/Compassion,Leading with empathy and inclusivity,Kind / Decisive / Authentic,"One of the criticisms I’ve faced over the years is that I’m not aggressive enough or assertive enough or maybe somehow because I’m empathetic it means I’m weak. I totally rebel against that.",#E6E6FA
Malala Yousafzai,Activism/Education,Fighting for girls’ right to education,Brave / Hopeful / Inspiring,"One child one teacher one book one pen can change the world.",#E6E6FA
Greta Thunberg,Activism/Climate,Challenging inaction on global climate change,Determined / Bold / Fearless,"I have learned you are never too small to make a difference.",#E6E6FA
Rosa Parks,Activism/Civil Rights,Standing up against racial injustice,Strong / Courageous / Dignified,"You must never be fearful about what you are doing when it is right.",#E6E6FA
Eleanor Roosevelt,Activism/Human Rights,Promoting equality and humanitarian causes,Empathetic / Bold / Wise,"No one can make you feel inferior without your consent.",#E6E6FA
Emmeline Pankhurst,Activism/Women’s Rights,Fighting for women’s suffrage,Relentless / Passionate / Strategic,"We are here not because we are law-breakers we are here in our efforts to become law-makers.",#E6E6FA
Gloria Steinem,Activism/Feminism,Challenging gender roles and inequality,Independent / Fearless / Visionary,"The truth will set you free but first it will piss you off.",#E6E6FA
Harriet Tubman,Activism/Freedom,Escaping slavery and rescuing others,Heroic / Resilient / Selfless,"I never ran my train off the track and I never lost a passenger.",#E6E6FA
Sojourner Truth,Activism/Women’s Rights,Speaking against slavery and inequality,Powerful / Passionate / Wise,"Ain’t I a woman?",#E6E6FA
Michelle Bachelet,Politics/Leadership,Restoring democracy and advancing women’s rights,Determined / Just / Visionary,"For me a better democracy is a democracy where women do not only have the right to vote and to elect but to be elected.",#E6E6FA
Aung San Suu Kyi,Politics/Democracy,Enduring oppression for freedom and reform,Peaceful / Resilient / Brave,"The only real prison is fear and the only real freedom is freedom from fear.",#E6E6FA
Shirin Ebadi,Law/Human Rights,Defending justice under oppressive regimes,Brave / Honest / Compassionate,"Human rights is a universal standard. It is a component of every religion and every civilization.",#E6E6FA
Amal Clooney,Law/Advocacy,Protecting human rights through international law,Eloquent / Intelligent / Principled,"Courage is contagious — when a brave person takes a stand others are emboldened to do the same.",#E6E6FA
Christine Lagarde,Politics/Economics,Leading global financial reform,Poised / Intelligent / Composed,"We have to take risks — otherwise we will be stuck in the status quo.",#E6E6FA
Ngozi Okonjo Iweala,Politics/Economics,Promoting equitable global development,Practical / Visionary / Confident,"We need to tell our own stories. We cannot depend on others to do it for us.",#E6E6FA
Katherine Graham,Politics/Media,Standing for truth in journalism,Strong / Ethical / Fearless,"To love what you do and feel that it matters — how could anything be more fun?",#E6E6FA
Nellie Bly,Activism/Journalism,Exposing corruption and injustice,Curious / Daring / Bold,"Energy rightly applied and directed will accomplish anything.",#E6E6FA
Tarana Burke,Activism/Empowerment,Creating movements for survivors and equality,Empathetic / Grounded / Brave,"You don’t have to be ready to change the world you just have to be brave enough to try.",#E6E6FA
Patricia Scotland,Law/Leadership,Reforming legal systems and empowering communities,Wise / Humble / Just,"We must move from words to deeds in achieving equality and justice.",#E6E6FA
Madeleine Albright,Politics/Diplomacy,Shaping global peace through leadership,Wise / Assertive / Pragmatic,"There is a special place in hell for women who don’t help other women.",#E6E6FA
Wangari Maathai,Activism/Environment,Protecting nature and women’s rights,Passionate / Visionary / Kind,"It’s the little things citizens do. That’s what will make the difference.",#E6E6FA
Ellen Johnson Sirleaf,Politics/Reform,Rebuilding a war-torn nation with integrity,Resilient / Compassionate / Visionary,"The size of your dreams must always exceed your current capacity to achieve them.",#E6E6FA
Frida Kahlo,Art/Expression,Transforming pain into creative power,Passionate / Bold / Authentic,"I paint flowers so they will not die.",#E6E6FA
Maya Angelou,Literature/Poetry,Turning trauma into voice and empowerment,Wise / Resilient / Inspiring,"I rise I rise I rise.",#E6E6FA
Toni Morrison,Literature/Storytelling,Reclaiming Black identity through words,Powerful / Honest / Compassionate,"If there’s a book that you want to read but it hasn’t been written yet then you must write it.",#E6E6FA
Chimamanda Ngozi Adichie,Literature/Feminism,Amplifying African and feminist narratives,Articulate / Fearless / Visionary,"We teach girls to shrink themselves to make themselves smaller. We say to girls You can have ambition but not too much.",#E6E6FA
Yayoi Kusama,Art/Avant-garde,Turning mental struggles into creative infinity,Innovative / Courageous / Dreamy,"I would like to live in my own way and I would like to create my own universe.",#E6E6FA
Misty Copeland,Dance/Ballet,Breaking racial barriers in classical ballet,Graceful / Strong / Dedicated,"You can start late look different be uncertain and still succeed.",#E6E6FA
Serena Williams,Sports/Tennis,Redefining power and persistence in athletics,Powerful / Focused / Confident,"Every woman’s success should be an inspiration to another. We’re strongest when we cheer each other on.",#E6E6FA
Simone Biles,Sports/Gymnastics,Overcoming mental and physical pressure,Disciplined / Brave / Resilient,"I’m not the next Usain Bolt or Michael Phelps. I’m the first Simone Biles.",#E6E6FA
Naomi Osaka,Sports/Tennis,Standing up for mental health and equality,Calm / Honest / Brave,"It’s O.K. to not be O.K.",#E6E6FA
Beyoncé,Music/Empowerment,Redefining performance and representation,Creative / Powerful / Ambitious,"Power is not given to you. You have to take it.",#E6E6FA
Adele,Music/Emotion,Turning vulnerability into strength through music,Authentic / Emotional / Relatable,"I have insecurities of course but I don’t hang out with anyone who points them out.",#E6E6FA
Rihanna,Music/Entrepreneurship,Building empire through creativity and courage,Independent / Fearless / Visionary,"There’s something special about a woman who dominates in a man’s world.",#E6E6FA
Dolores Huerta,Activism/Labor Rights,Organizing for farmworkers’ dignity,Brave / Compassionate / Tireless,"Sí se puede — yes we can.",#E6E6FA
Zaha Hadid,Architecture/Design,Redefining space and structure globally,Innovative / Bold / Visionary,"There are 360 degrees so why stick to one?",#E6E6FA
Martha Stewart,Culinary/Entrepreneurship,Transforming domestic craft into business art,Disciplined / Creative / Sharp,"My mission in life is to entertain people with good food and good living.",#E6E6FA
Julia Child,Culinary/Innovation,Revolutionizing home cooking with humor and passion,Curious / Joyful / Skilled,"Find something you’re passionate about and keep tremendously interested in it.",#E6E6FA
Yoko Ono,Music/Art,Blending activism with experimental expression,Unique / Visionary / Bold,"A dream you dream alone is only a dream. A dream you dream together is reality.",#E6E6FA
Lata Mangeshkar,Music/Culture,Becoming the voice of generations,Melodious / Devoted / Timeless,"Music is the voice of the soul it speaks when words fail.",#E6E6FA
M.S. Subbulakshmi,Music/Classical,Bringing Indian classical music to global recognition,Graceful / Dedicated / Inspiring,"When music fills the heart words are unnecessary.",#E6E6FA
Mary Kom,Sports/Boxing,Defying stereotypes in combat sports,Tenacious / Humble / Fearless,"Don’t let anyone tell you you’re weak because you’re a woman.",#E6E6FA
Bilqis Abdul Qadir,Sports/Basketball,Challenging dress code barriers in sports,Strong / Determined / Faith-driven,"Play your heart out even if the world questions your right to.",#E6E6FA
Indra Nooyi,Business/Leadership,Redefining success through empathy and strategy,Visionary / Grounded / Strategic,"Leadership is hard to define and good leadership even harder. But if you can get people to follow you to the ends of the earth you are a great leader.",#E6E6FA
Coco Chanel,Fashion/Design,Revolutionizing women’s fashion and independence,Chic / Bold / Innovative,"The most courageous act is still to think for yourself. Aloud.",#E6E6FA
Vivienne Westwood,Fashion/Rebellion,Defying convention through punk fashion,Rebellious / Daring / Original,"You have a more interesting life if you wear impressive clothes.",#E6E6FA
Iris Apfel,Fashion/Individuality,Embracing aging with style and wit,Eccentric / Vibrant / Authentic,"More is more and less is a bore.",#E6E6FA
Jane Goodall,Science/Conservation,Studying and protecting wildlife with empathy,Curious / Compassionate / Patient,"What you do makes a difference and you have to decide what kind of difference you want to make.",#E6E6FA
Valentina Tereshkova,Science/Space,Becoming the first woman in space,Brave / Determined / Visionary,"Once you’ve been in space you appreciate how small and fragile the Earth is.",#E6E6FA
Junko Tabei,Exploration/Mountaineering,Becoming the first woman to climb Everest,Adventurous / Humble / Persistent,"Do not give up. Keep on your quest.",#E6E6FA
Greta Garbo,Film/Cinema,Maintaining mystery and control in a male-driven industry,Reserved / Strong / Enigmatic,"I want to be alone.",#E6E6FA
Audrey Hepburn,Film/Humanitarianism,Combining elegance with humanitarian service,Graceful / Kind / Inspiring,"As you grow older you will discover that you have two hands one for helping yourself the other for helping others.",#E6E6FA